[
  {
    "model": "model_app.authenticator",
    "pk" : 1,
    "fields": {
      "username": "user1",
      "authenticator": "e1409c29a2833860a761821d53d703e32345dabaef9e3588f8755b0b2e133ad6",
      "date_created": "2019-04-12T01:32:46.097Z"
    }
  },
  {
    "model": "model_app.task",
    "pk" : 1,
    "fields": {
      "title": "Make a website",
      "description": "Using your coding skills",
      "location": "Charlottesville",
      "time_to_live": "2017-04-27T01:32:46.097Z",
      "post_date": "2017-04-27T01:32:46.097Z",
      "status": "OPEN",
      "remote": true,
      "time": 0.0,
      "pricing_type": true,
      "pricing_info": 0.0
    }
  },
  {
    "model": "model_app.task",
    "pk" : 2,
    "fields": {
      "title": "Finish task endpoints",
      "description": "Write out api for getting and posting endpoints",
      "location": "Rice",
      "time_to_live": "2017-04-27T01:32:46.097Z",
      "post_date": "2017-04-27T01:32:46.097Z",
      "status": "ACC.",
      "remote": true,
      "time": 9000.8,
      "pricing_type": true,
      "pricing_info": 0.0
    }
  },
  {
    "model": "model_app.task",
    "pk" : 3,
    "fields": {
      "title": "Create a node app",
      "description": "Need an expert in node.js",
      "location": "Charlottesville",
      "time_to_live": "2017-04-27T01:32:46.097Z",
      "post_date": "2017-04-27T01:32:46.097Z",
      "status": "OPEN",
      "remote": true,
      "time": 0.0,
      "pricing_type": true,
      "pricing_info": 0.0
    }
  },
  {
    "model": "model_app.task",
    "pk" : 4,
    "fields": {
      "title": "Database needs to be sharded",
      "description": "What is the best way to do this?",
      "location": "Rice",
      "time_to_live": "2017-04-27T01:32:46.097Z",
      "post_date": "2017-04-27T01:32:46.097Z",
      "status": "OPEN",
      "remote": true,
      "time": 9000.8,
      "pricing_type": true,
      "pricing_info": 0.0
    }
  },
  {
    "model": "model_app.task",
    "pk" : 5,
    "fields": {
      "title": "Help me set up this Cassandra database",
      "description": "I need to understand what consistent hashing entails",
      "location": "Rice",
      "time_to_live": "2017-04-27T01:32:46.097Z",
      "post_date": "2017-04-27T01:32:46.097Z",
      "status": "OPEN",
      "remote": true,
      "time": 9000.8,
      "pricing_type": true,
      "pricing_info": 0.0
    }
  },
  {
    "model": "model_app.users",
    "pk": 1,
    "fields": {
      "username": "user1",
      "fname": "TDawg",
      "lname": "Pinckney",
      "email": "fake@gmail.com",
      "bio": "I like to program",
      "pw": "pbkdf2_sha256$30000$jDkJdhOAYRip$9MXH/vI07vjggfk8TpelQh4EE5ILT5tuZrOpsKHfFqY=",
      "location": "Charlottesville"
    }
  },
  {
    "model": "model_app.users",
    "pk": 2,
    "fields": {
      "username": "user2",
      "fname": "Ian",
      "lname": "Zheng",
      "email": "ian@gmail.com",
      "bio": "I like to program well",
      "pw": "pbkdf2_sha256$30000$jDkJdhOAYRip$9MXH/vI07vjggfk8TpelQh4EE5ILT5tuZrOpsKHfFqY=",
      "location": "Charlottesville"
    }
  },
  {
    "model": "model_app.users",
    "pk": 3,
    "fields": {
      "username": "user3",
      "fname": "Brandon",
      "lname": "Whitfield",
      "email": "brandon@gmail.com",
      "bio": "I like to program",
      "pw": "pbkdf2_sha256$30000$jDkJdhOAYRip$9MXH/vI07vjggfk8TpelQh4EE5ILT5tuZrOpsKHfFqY=",
      "location": "Charlottesville"
    }
  },
  {
    "model": "model_app.users",
    "pk": 4,
    "fields": {
      "username": "user4",
      "fname": "David",
      "lname": "Stolz",
      "email": "david@gmail.com",
      "bio": "I like to program",
      "pw": "pbkdf2_sha256$30000$jDkJdhOAYRip$9MXH/vI07vjggfk8TpelQh4EE5ILT5tuZrOpsKHfFqY=",
      "location": "Charlottesville"
    }
  },
  {
    "model": "model_app.users",
    "pk": 5,
    "fields": {
      "username": "user5",
      "fname": "Matt",
      "lname": "Tillman",
      "email": "matt@gmail.com",
      "bio": "I like to program",
      "pw": "pbkdf2_sha256$30000$jDkJdhOAYRip$9MXH/vI07vjggfk8TpelQh4EE5ILT5tuZrOpsKHfFqY=",
      "location": "Charlottesville"
    }
  },
  {
    "model": "model_app.review",
    "pk": 1,
    "fields": {
      "title": "What a terrible programmer",
      "body": "He couldn't spell his own name",
      "score": 0.42,
      "task": 1,
      "poster_user": 1,
      "postee_user": 2
    }
  },
  {
    "model": "model_app.review",
    "pk": 2,
    "fields": {
      "title": "Absolute God",
      "body": "Definitely knows what he is doing",
      "score": 5,
      "task": 1,
      "poster_user": 2,
      "postee_user": 1
    }
  },
  {
    "model": "model_app.review",
    "pk": 3,
    "fields": {
      "title": "Pretty Good",
      "body": "Knew what he was doing",
      "score": 2.5,
      "task": 2,
      "poster_user": 3,
      "postee_user": 4
    }
  },
  {
    "model": "model_app.review",
    "pk": 4,
    "fields": {
      "title": "Good Partner",
      "body": "Would work with again",
      "score": 4,
      "task": 2,
      "poster_user": 4,
      "postee_user": 3
    }
  },
  {
    "model": "model_app.owner",
    "pk": 1,
    "fields": {
      "user": 1,
      "task": 1
    }
  },
  {
    "model": "model_app.owner",
    "pk": 2,
    "fields": {
      "user": 3,
      "task": 2
    }
  },
  {
    "model": "model_app.owner",
    "pk": 3,
    "fields": {
      "user": 1,
      "task": 3
    }
  },
  {
    "model": "model_app.owner",
    "pk": 4,
    "fields": {
      "user": 1,
      "task": 4
    }
  },
  {
    "model": "model_app.owner",
    "pk": 5,
    "fields": {
      "user": 1,
      "task": 5
    }
  },
  {
    "model": "model_app.taskskills",
    "pk": 1,
    "fields": {
      "task": 1,
      "skill": "OOP Design"
    }
  },
  {
    "model": "model_app.taskskills",
    "pk": 2,
    "fields": {
      "task": 1,
      "skill": "JavaScript"
    }
  },
  {
    "model": "model_app.taskskills",
    "pk": 3,
    "fields": {
      "task": 2,
      "skill": "OOP Design"
    }
  },
  {
    "model": "model_app.taskskills",
    "pk": 4,
    "fields": {
      "task": 3,
      "skill": "OOP Design"
    }
  },
  {
    "model": "model_app.taskskills",
    "pk": 5,
    "fields": {
      "task": 4,
      "skill": "OOP Design"
    }
  },
  {
    "model": "model_app.taskskills",
    "pk": 6,
    "fields": {
      "task": 5,
      "skill": "OOP Design"
    }
  },
  {
    "model": "model_app.userlanguages",
    "pk": 1,
    "fields": {
      "user": 1,
      "spoken_language": "English"
    }
  },
  {
    "model": "model_app.userlanguages",
    "pk": 2,
    "fields": {
      "user": 2,
      "spoken_language": "English"
    }
  },
  {
    "model": "model_app.userlanguages",
    "pk": 3,
    "fields": {
      "user": 3,
      "spoken_language": "English"
    }
  },
  {
    "model": "model_app.userlanguages",
    "pk": 4,
    "fields": {
      "user": 4,
      "spoken_language": "English"
    }
  },
  {
    "model": "model_app.userlanguages",
    "pk": 5,
    "fields": {
      "user": 5,
      "spoken_language": "English"
    }
  },
  {
    "model": "model_app.userskills",
    "pk": 1,
    "fields": {
      "user": 1,
      "skill": "Java"
    }
  },
  {
    "model": "model_app.userskills",
    "pk": 2,
    "fields": {
      "user": 2,
      "skill": "Java"
    }
  },
  {
    "model": "model_app.userskills",
    "pk": 3,
    "fields": {
      "user": 3,
      "skill": "Java"
    }
  },
  {
    "model": "model_app.userskills",
    "pk": 4,
    "fields": {
      "user": 4,
      "skill": "Java"
    }
  },
  {
    "model": "model_app.userskills",
    "pk": 5,
    "fields": {
      "user": 5,
      "skill": "Java"
    }
  },
  {
    "model": "model_app.worker",
    "pk": 1,
    "fields": {
      "user": 2,
      "task": 1
    }
  },
  {
    "model": "model_app.worker",
    "pk": 2,
    "fields": {
      "user": 4,
      "task": 2
    }
  },
  {
    "model": "model_app.worker",
    "pk": 3,
    "fields": {
      "user": 2,
      "task": 3
    }
  },
  {
    "model": "model_app.worker",
    "pk": 4,
    "fields": {
      "user": 2,
      "task": 4
    }
  },
  {
    "model": "model_app.worker",
    "pk": 5,
    "fields": {
      "user": 2,
      "task": 5
    }
  },
  {
    "model": "model_app.recommendation",
    "pk": 1,
    "fields": {
      "task_first": 1,
      "task_second": 2
    }
  },
  {
    "model": "model_app.recommendation",
    "pk": 2,
    "fields": {
      "task_first": 3,
      "task_second": 1
    }
  }




]
